妞妞,和尚藍鸚鵡,鳥,公,小型,藍色,成年,2022-08-03,台南市 安南區,https://wepet.tw/storage/lost/lost_220803172442578212206_5964818682.jpg
puppy,不確定 但應該是台灣土狗,狗,公,中型,黑色,成年,2022-08-02,桃園市 觀音區,https://wepet.tw/storage/lost/lost_220802215557382012205_4874148557.jpg
咖啡,混貴賓,狗,公,小型,米黃色,老年,2022-07-30,台中市 大肚區,https://wepet.tw/storage/lost/lost_220802081056474312204_3719299056.jpg
阿虎,米克思,貓,公,大型,咖啡混白色,成年,2022-07-30,台北市 北投區,https://wepet.tw/storage/lost/lost_220801063021787012200_6311906622.jpg
小花,米克斯,狗,母,中型,黃色混黑色,成年,2022-07-30,台中市 北屯區,https://wepet.tw/storage/lost/lost_220731164506571712196_2850457106.jpg
小藍,和尚鸚鵡,鳥,公,中型,藍灰色,成年,2022-07-26,新北市 汐止區,https://wepet.tw/storage/lost/lost_220726180346899912181_461429826.jpg
泡芙,米克斯,狗,母,中型,虎斑,幼年,2022-07-23,新竹市 香山區,https://wepet.tw/storage/lost/lost_220723211000787512172_2898881800.jpg
皮皮,瑪爾濟斯,狗,公,小型,白色,成年,2022-07-23,台中市 潭子區,https://wepet.tw/storage/lost/lost_220723192950923612171_5014075790.jpg
波波,和尚鸚鵡,鳥,無,小型,藍色,成年,2022-07-20,台南市 新營區,https://wepet.tw/storage/lost/lost_220720212738242212163_125823658.jpg
阿吉,米克斯混金吉拉,貓,母,中型,身體是白色黑色 前腳有白襪,成年,2022-07-20,桃園市 龍潭區,https://wepet.tw/storage/lost/lost_220720152303534312160_4674301783.jpg
雞米花,米克斯,貓,公,小型,橘色虎斑貓,成年,2022-07-15,台中市 龍井區,https://wepet.tw/storage/lost/lost_220719112354461312156_3051301034.jpg
小幼貓,虎斑,貓,公,小型,虎斑貓,成年,2022-07-12,屏東縣 長治鄉,https://wepet.tw/storage/lost/lost_220714140737501712144_9996278857.jpg
寶寶,橘貓,貓,公,中型,橘色白圍巾白襪子,成年,2022-07-11,新竹縣 新埔鎮,https://wepet.tw/storage/lost/lost_220714071023444412143_2761653823.jpg
小幼貓,虎斑貓,貓,公,小型,虎斑,成年,2022-07-12,屏東縣 長治鄉,https://wepet.tw/storage/lost/lost_220713202242163812141_4970614962.jpg
韓吉,米克斯,狗,母,中型,全身黑的很漂亮,幼年,2022-07-11,桃園市 中壢區,https://wepet.tw/storage/lost/lost_220713003430532412139_2118943671.jpg
Kiki,英國短毛,貓,母,小型,橘色白色,成年,2022-07-09,花蓮縣 豐濱鄉,https://wepet.tw/storage/lost/lost_220711173857468012130_3152832337.jpg
三寶,Mix,貓,公,小型,短毛賓士貓,成年,2022-07-11,桃園市 楊梅區,https://wepet.tw/storage/lost/lost_220711155317395712127_8396325997.jpg
酒酒,矇眼雪貂,其他,公,小型,像浣熊一樣有戴眼罩/脖子有一撮白毛,幼年,2022-06-24,新北市 中和區,https://wepet.tw/storage/lost/lost_220711021118615212125_688876678.jpg
小黑,米克斯,狗,公,中型,黑色混棕色,成年,2022-06-28,台中市 大雅區,https://wepet.tw/storage/lost/lost_220708042234806512115_8210925354.jpg
圓圓,米克斯,貓,公,小型,黑白色,成年,2022-06-02,嘉義縣 民雄鄉,https://wepet.tw/storage/lost/lost_220702152907126512100_2620946947.jpg
屋瑪,柴犬,狗,公,中型,柴色,成年,2022-06-29,彰化縣 社頭鄉,https://wepet.tw/storage/lost/lost_220629232227497212093_3541816147.jpg
雞蛋糕,橘貓,貓,公,小型,橘色,成年,2022-06-27,台北市 南港區,https://wepet.tw/storage/lost/lost_220629203611942112092_8993006171.jpg
姆姆,米克斯（黑土狗）,狗,公,中型,黑色帶點咖啡色,老年,2022-06-25,雲林縣 斗六市,https://wepet.tw/storage/lost/lost_220628155331481812082_3048902811.jpg
嘟嘟,米克斯,狗,公,中型,黃色，胸口白,成年,2022-06-26,高雄市 三民區,https://wepet.tw/storage/lost/lost_220627180629943312076_4426324389.jpg
酒酒,矇眼雪貂,其他,公,小型,像浣熊一樣眼睛有戴眼罩,成年,2022-06-27,新北市 中和區,https://wepet.tw/storage/lost/lost_220627105015110412074_4728598215.jpg
莉莉安,貓,貓,母,中型,黑色,幼年,2022-06-19,台中市 西屯區,https://wepet.tw/storage/lost/lost_220624235859968712071_3022886339.jpg
兔寶,兔子,兔,公,小型,全白 耳朵是咖啡色 眼線一圈也是咖啡色鼻,成年,2022-06-19,桃園市 中壢區,https://wepet.tw/storage/lost/lost_220620224745817912054_6990536465.jpg
弟弟,波斯頓梗犬,狗,公,小型,黑色混白色,老年,2022-06-19,彰化縣 彰化市,https://wepet.tw/storage/lost/lost_220619174127318912046_5746431687.jpg
咘咘,鬆獅,狗,公,中型,棕色,成年,2022-06-18,宜蘭縣 羅東鎮,https://wepet.tw/storage/lost/lost_220618184622420612044_3943349183.jpg
Lulu,臘腸,狗,母,小型,紅棕色,成年,2022-06-12,彰化縣 社頭鄉,https://wepet.tw/storage/lost/lost_220618114430395612043_5186123870.jpg
小白,白狗,狗,公,中型,全白色,成年,2022-04-22,彰化縣 線西鄉,https://wepet.tw/storage/lost/lost_220618110247748712042_2326321367.jpg
姆姆,虎皮鸚鵡,鳥,母,小型,黃綠色,成年,2022-06-16,台南市 仁德區,https://wepet.tw/storage/lost/lost_220616112318878612030_2232949798.jpg
LuLu,柴犬,狗,母,中型,白色,幼年,2022-06-15,雲林縣 土庫鎮,https://wepet.tw/storage/lost/lost_220616110211588012029_877448531.jpg
小虎,台灣公土黑狗,狗,公,中型,黑色 舌頭有黑斑點,幼年,2022-06-12,台中市 神岡區,https://wepet.tw/storage/lost/lost_220615144652693112025_4371675612.jpg
妹妹,西施,狗,母,小型,白色混咖啡色,老年,2022-06-15,彰化縣 大村鄉,https://wepet.tw/storage/lost/lost_220615105205960812022_4275961525.jpg
妞妞,米克斯,狗,母,中型,黑色,成年,2022-06-05,新北市 中和區,https://wepet.tw/storage/lost/lost_220611203840918912005_6188651120.jpg
胖子,米克斯(虎斑土狗),狗,公,中型,虎斑 (黑混黃),幼年,2022-06-03,台中市 霧峰區,https://wepet.tw/storage/lost/lost_220609091541657411998_7169437341.jpg
旺旺,米克斯,狗,公,大型,褐色混黑色,成年,2022-05-29,彰化縣 埔心鄉,https://wepet.tw/storage/lost/lost_220607125611996311992_6258577771.jpg
阿噗,米色斯,狗,母,中型,黑色穿白襪,老年,2022-06-04,桃園市 新屋區,https://wepet.tw/storage/lost/lost_220606130008466211989_8671691608.jpg
阿迪,米克斯,貓,公,中型,黑白虎斑,成年,2022-06-04,台北市 文山區,https://wepet.tw/storage/lost/lost_220605095740835311986_9197094260.jpg
嘟嘟,米克斯,狗,公,中型,黑色 腳有虎斑,幼年,2022-05-30,台南市 東區,https://wepet.tw/storage/lost/lost_220601225142488611972_1108895102.jpg
妞妞,米克斯,貓,母,小型,三花腹部和腳為白色,幼年,2022-05-31,台北市 信義區,https://wepet.tw/storage/lost/lost_220601201708556611971_9865985829.jpg
四百,米克斯,狗,公,中型,白色咖啡色斑紋,成年,2022-05-29,高雄市 鳳山區,https://wepet.tw/storage/lost/lost_220531141538130511966_5769077738.jpg
小美,貴賓,狗,母,小型,咖啡,老年,2022-05-27,新北市 中和區,https://wepet.tw/storage/lost/lost_220531105947548911965_9939065987.jpg
Nono,黑貓,貓,公,中型,黑色，麒麟尾，手腳有一點脫毛,成年,2022-05-18,新北市 三重區,https://wepet.tw/storage/lost/lost_220531060616988611963_7410148376.jpg
樂樂,台灣犬,狗,公,中型,黑色,幼年,2022-05-25,台南市 歸仁區,https://wepet.tw/storage/lost/lost_220525221837371611949_939188317.jpg
小黑,米克斯,貓,公,中型,虎斑色,成年,2022-05-23,桃園市 中壢區,https://wepet.tw/storage/lost/lost_220525031725769711945_6491719845.jpg
熊熊,米克斯,狗,公,中型,純黑色,成年,2022-05-16,台北市 大安區,https://wepet.tw/storage/lost/lost_220517085324821111925_5357348804.jpg
JOJO,長毛臘腸,狗,母,小型,奶油混黑,老年,2022-05-12,台北市 北投區,https://wepet.tw/storage/lost/lost_220516101856827211919_6666667536.jpg
糖糖,米克斯,貓,母,小型,虎斑,成年,2022-05-03,台南市 安定區,https://wepet.tw/storage/lost/lost_220510221513731611900_8764692113.jpg
屋虎,紅貴賓,狗,公,小型,"兩側耳朵有白毛,穿紅色胸背,尾巴剪大圓球",成年,2022-04-02,花蓮縣 玉里鎮,https://wepet.tw/storage/lost/lost_220504111514849711871_1806134114.jpg
R橘,米克斯,貓,公,中型,橘貓,成年,2022-05-01,台北市 內湖區,https://wepet.tw/storage/lost/lost_220502033510768311869_3444133710.jpeg
多綠,米克斯貓,貓,母,中型,咖啡色 黑色 條紋,成年,2022-04-19,高雄市 苓雅區,https://wepet.tw/storage/lost/lost_220420181934908611836_8669449974.png
桃太郎/桃子,法鬥,狗,公,小型,全身白/頭部兩邊淡黃/鼻頭周圍黑,成年,2022-04-20,高雄市 三民區,https://wepet.tw/storage/lost/lost_220420181738836311835_6552849858.jpg
大白,米克斯,貓,公,中型,白底虎斑,成年,2022-04-20,台中市 龍井區,https://wepet.tw/storage/lost/lost_220420170956417611834_9040145796.png
阿喵,米克斯貓,貓,公,小型,橘白色,成年,2022-04-17,新北市 新店區,https://wepet.tw/storage/lost/lost_220418124936164411829_6593957376.jpeg
CHOCO,貴賓,狗,公,小型,咖啡,幼年,2022-04-17,台中市 北區,https://wepet.tw/storage/lost/lost_220417223643598211828_9038306203.jpeg
花妮妮,花貴賓,狗,母,小型,灰灰的 腳有點紅毛,成年,2022-04-17,高雄市 左營區,https://wepet.tw/storage/lost/lost_220417064950648011826_8098949390.jpeg
茶茶,臘腸,狗,公,小型,米黃色,成年,2022-04-11,台中市 西區,https://wepet.tw/storage/lost/lost_220417002207408711825_1559426128.jpeg
黑啵,黑貴賓,狗,公,小型,黑色,老年,2022-04-14,台中市 西區,https://wepet.tw/storage/lost/lost_220415064347502111822_1684076227.jpeg
秘書,貓,貓,公,小型,白底黃斑,幼年,2022-04-09,台中市 西屯區,https://wepet.tw/storage/lost/lost_220411123544674611814_5819051744.jpeg
小寶,米克斯,狗,母,中型,全黑,成年,2022-04-08,桃園市 中壢區,https://wepet.tw/storage/lost/lost_220409230953633711810_2640416993.jpeg
歐拉,虎斑,貓,母,中型,咖啡黑色斑紋,成年,2022-04-04,桃園市 桃園區,https://wepet.tw/storage/lost/lost_220407231905136611798_338944745.jpeg
布丁,米克斯,狗,母,中型,黑色混褐色,成年,2022-04-01,台中市 霧峰區,https://wepet.tw/storage/lost/lost_220406115516230311794_1964517316.jpeg
椪柑,混種貓,貓,公,小型,白底橘色,成年,2022-03-31,新北市 永和區,https://wepet.tw/storage/lost/lost_220405211749619211788_7827364669.jpeg
阿旺,愛情鳥,鳥,公,小型,身體黃色，頭紅色,幼年,2022-04-03,台北市 內湖區,https://wepet.tw/storage/lost/lost_220403214037153511779_1634993237.jpeg
恩典,混種貓,貓,母,中型,黑白斑紋,成年,2022-03-31,桃園市 桃園區,https://wepet.tw/storage/lost/lost_220402171554293111771_6115190955.jpeg
奕寶/寶寶,米克斯,狗,母,中型,黃毛 嘴巴有一點點黑,成年,2022-03-29,新北市 中和區,https://wepet.tw/storage/lost/lost_220330194602970711766_2880240762.jpg
糖糖,珠擩兔,兔,母,小型,白色 一點黑,幼年,2022-03-29,台北市 大同區,https://wepet.tw/storage/lost/lost_220329222424591011761_3494063864.jpg
偷喇,米克斯,貓,母,中型,虎斑,成年,2022-03-21,台南市 東區,https://wepet.tw/storage/lost/lost_220325225018127611752_5504419818.png
Sony,傑克羅素,狗,母,小型,白色混咖啡色,老年,2022-03-18,台北市 信義區,https://wepet.tw/storage/lost/lost_220321151342308611743_8473346822.jpeg
漏咖,米克斯,貓,公,小型,全黑,幼年,2022-03-17,新北市 淡水區,https://wepet.tw/storage/lost/lost_220317133855967011734_9847495535.jpg
愛醬（愛吃）,路頂客吸蜜,鳥,母,中型,藍頂、橘色鳥喙、橘領、橘胸、綠翅,幼年,2022-03-09,高雄市 鳳山區,https://wepet.tw/storage/lost/lost_220315200022417711729_6763645622.jpeg
妮妮,混種犬,狗,母,中型,黑色,老年,2022-03-07,台中市 后里區,https://wepet.tw/storage/lost/lost_220310125943597211714_2637388383.jpg
Shiny姍妮,美國短毛貓,貓,母,中型,灰黑色混棕色,成年,2022-03-07,台中市 南屯區,https://wepet.tw/storage/lost/lost_220308032750118811709_6362681270.jpg
庫洛,米克斯,狗,公,中型,身體黑色，四肢與臉部有虎斑,成年,2022-03-05,台中市 太平區,https://wepet.tw/storage/lost/lost_220306225805644411707_5653778685.jpeg
阿姆,虎斑,貓,公,小型,白底虎斑,成年,2022-02-25,桃園市 平鎮區,https://wepet.tw/storage/lost/lost_220306054528490111703_2547916729.jpeg
小虎,混種虎斑貓,貓,公,小型,混種虎斑貓,幼年,2022-03-01,高雄市 左營區,https://wepet.tw/storage/lost/lost_220304160001662011698_9248780801.jpg
弟弟,黑貴賓,狗,公,小型,全黑,成年,2022-02-27,台東縣 台東市,https://wepet.tw/storage/lost/lost_220303180228296811694_9430901748.jpg
啊妙,米克斯,貓,母,小型,白底咖啡賓士虎斑,成年,2022-02-26,新北市 中和區,https://wepet.tw/storage/lost/lost_220302103926551611688_1296388766.jpg
小不點,紅貴賓,狗,母,小型,頭是奶油色,老年,2022-02-27,新北市 三重區,https://wepet.tw/storage/lost/lost_220227165522437111682_806252122.jpeg
多多,法鬥,狗,母,中型,奶白色,成年,2022-02-24,高雄市 楠梓區,https://wepet.tw/storage/lost/lost_220225105416187011675_3449657656.jpg
滿滿,米克斯,狗,母,中型,花灰色，頭部較黑、身白、背部略呈灰黑,成年,2022-02-20,台南市 東區,https://wepet.tw/storage/lost/lost_220220223951722811672_3605567991.jpg
麥芽糖,米克斯,貓,母,小型,黑色 短尾 右邊耳朵有剪耳,成年,2022-02-17,新北市 新店區,https://wepet.tw/storage/lost/lost_220218040558660411661_8825828358.jpeg
辛巴 Sinba,米克斯,貓,公,小型,白底虎斑，很短的麒麟尾，右前及兩後腳白毛,成年,2022-02-16,台中市 西屯區,https://wepet.tw/storage/lost/lost_220216212240838511659_2116117760.jpeg
LuLu,拉布拉多,狗,母,中型,黑色,老年,2022-02-13,高雄市 林園區,https://wepet.tw/storage/lost/lost_220216134143779711658_7973890103.jpeg
阿明,虎斑迷克斯,狗,公,中型,咖啡混黑色,老年,2022-02-16,高雄市 苓雅區,https://wepet.tw/storage/lost/lost_220216130936392011657_5296088176.jpeg
嚕嚕,米格魯,狗,母,小型,一般三花,成年,2022-02-15,花蓮縣 新城鄉,https://wepet.tw/storage/lost/lost_220215223724876911655_359735844.jpg
小白,混種,狗,公,中型,乳牛花紋,老年,2022-02-10,南投縣 埔里鎮,https://wepet.tw/storage/lost/lost_220214171352955311653_4302930033.jpeg
啊喵,田園橘貓,貓,公,中型,橘色,幼年,2022-02-05,彰化縣 福興鄉,https://wepet.tw/storage/lost/lost_220214013009650711652_9594373409.jpg
叮咚,英國短毛貓,貓,母,小型,籃色,成年,2022-02-11,新北市 板橋區,https://wepet.tw/storage/lost/lost_220211144538441311648_6931461938.jpeg
椪柑/柑柑,虎斑貓,貓,公,小型,虎斑色/咖啡灰黑,成年,2022-01-25,屏東縣 屏東市,https://wepet.tw/storage/lost/lost_220211004937401211646_2991911777.jpeg
妹妹,豹貓,貓,母,中型,金色短毛和黑色斑點交錯而成的豹紋,成年,2022-02-05,新北市 板橋區,https://wepet.tw/storage/lost/lost_220209210445973211644_3310511885.jpeg
小咪,混種貓,貓,公,小型,全黑,幼年,2022-02-07,桃園市 新屋區,https://wepet.tw/storage/lost/lost_220207202143823611638_2995736503.jpg
講講,英國鬥牛犬,狗,公,中型,頭部有虎斑紋全身白色尾巴麒麟尾帶虎斑色,成年,2022-02-06,桃園市 大園區,https://wepet.tw/storage/lost/lost_220207190629283411637_5668231989.jpeg
Google,西施,狗,母,小型,白色混淺棕色,老年,2022-02-07,新北市 新店區,https://wepet.tw/storage/lost/lost_220207175900370411636_5775227940.jpeg
拉菲,黑貴賓,狗,母,小型,黑色,成年,2022-02-05,高雄市 前鎮區,https://wepet.tw/storage/lost/lost_220206035542232811630_3706790942.jpeg
蝙蝠俠,喜樂蒂,狗,公,中型,黑白咖三色,成年,2022-02-05,桃園市 中壢區,https://wepet.tw/storage/lost/lost_220205214552395411629_2469868752.jpeg
柴魚,柴犬,狗,公,中型,棕色,成年,2022-02-01,新北市 瑞芳區,https://wepet.tw/storage/lost/lost_220204153025364611626_5874459825.jpeg
來福,混種,狗,公,中型,黑色，雙眼有柴犬一樣的棕色眉毛,老年,2022-02-02,桃園市 桃園區,https://wepet.tw/storage/lost/lost_220203145034394711620_1971571034.jpeg
發貴,米克斯,狗,公,大型,黑白乳牛斑紋,成年,2022-02-02,宜蘭縣 員山鄉,https://wepet.tw/storage/lost/lost_220203143444397811619_5958170084.jpeg
蝦蝦/啊蝦,柴犬,狗,公,小型,咖啡混少許黑色,幼年,2022-01-31,屏東縣 新埤鄉,https://wepet.tw/storage/lost/lost_220202212304488311618_3681608185.jpeg
吉利,米克斯,狗,公,小型,咖啡混黑,幼年,2022-02-02,台南市 安南區,https://wepet.tw/storage/lost/lost_220202203851249611617_9529705532.jpeg
韓吉,柴犬,狗,公,中型,赤柴,幼年,2022-02-01,雲林縣 西螺鎮,https://wepet.tw/storage/lost/lost_220201122441990511614_1978489481.jpeg
奶茶,米克斯,貓,公,小型,橘白毛色,幼年,2022-01-12,桃園市 觀音區,https://wepet.tw/storage/lost/lost_220131090253816711611_5383590973.jpeg
沙其馬,柴犬,狗,母,中型,黃色的毛髮身上有橘色背袋,成年,2022-01-23,花蓮縣 新城鄉,https://wepet.tw/storage/lost/lost_220126041747506211601_6567341867.jpeg
咪醬,金吉拉,貓,公,中型,咖啡混黑色,老年,2022-01-19,新北市 汐止區,https://wepet.tw/storage/lost/lost_220124121022223211596_4987797422.jpg
Betty/貝蒂,米克斯,狗,母,中型,咖啡混黑,成年,2022-01-17,桃園市 平鎮區,https://wepet.tw/storage/lost/lost_220123145529567111594_9469820929.jpg
可可/OREL,黑白虎斑,貓,公,小型,黑白,幼年,2022-01-22,新北市 新店區,https://wepet.tw/storage/lost/lost_220122005250378911590_3934283971.jpg
阿花,米克斯,貓,母,中型,三花貓,成年,2022-01-19,台中市 梧棲區,https://wepet.tw/storage/lost/lost_220119170935823411585_4964583375.jpg
皮皮,混種獵犬,狗,母,中型,咖啡色背部黑色像馬毛色,成年,2022-01-18,桃園市 龍潭區,https://wepet.tw/storage/lost/lost_220118172432507511581_5861797872.jpeg
殭殭,米克斯,狗,母,中型,黑色，嘴巴周圍已經開始變白,老年,2022-01-16,新北市 新莊區,https://wepet.tw/storage/lost/lost_220117081523759211576_3918878523.jpg
飯糰（團團）,賓士貓,貓,母,小型,黑白色,幼年,2022-01-14,台南市 西港區,https://wepet.tw/storage/lost/lost_220116173854266411575_6365925934.jpeg
哈密瓜,米克斯,狗,公,中型,淺黃色加白色,成年,2022-01-14,台北市 萬華區,https://wepet.tw/storage/lost/lost_220116142937825111574_5559314577.jpg
Stella,米克斯,狗,母,中型,黑背黃毛,成年,2022-01-11,台東縣 東河鄉,https://wepet.tw/storage/lost/lost_220114104119223211572_655128079.jpg
米米,米克斯（四目眉）,狗,母,中型,黑色混白色及咖啡色,成年,2022-01-12,高雄市 彌陀區,https://wepet.tw/storage/lost/lost_220112193114357711569_8052787074.jpeg
嚕嚕米,台灣犬,狗,母,小型,黑色,幼年,2022-01-06,台北市 文山區,https://wepet.tw/storage/lost/lost_220107154538442611559_9383341538.jpeg
菲菲,貴賓,狗,公,中型,淡紅色,成年,2021-12-19,新竹縣 新豐鄉,https://wepet.tw/storage/lost/lost_220106011855606011554_5545903135.jpeg
鴻娜,高山犬,狗,母,大型,黑色,幼年,2021-12-10,桃園市 觀音區,https://wepet.tw/storage/lost/lost_220105105023954411553_302251023.jpg
蒂蒂,侏儒兔,兔,公,小型,灰色 白色肚子,成年,2021-12-30,新竹縣 五峰鄉,https://wepet.tw/storage/lost/lost_220103171837922711546_812601517.jpg
啊咪,金吉拉,貓,母,小型,咖啡色,成年,2022-01-01,基隆市 中正區,https://wepet.tw/storage/lost/lost_220101095348187811542_2172502028.jpg
Dinosaur,黑豆柴,狗,公,中型,黑柴,幼年,2021-12-29,台中市 大里區,https://wepet.tw/storage/lost/lost_211230153158409211537_2209849518.jpeg
Cookie,臘腸犬,狗,公,小型,純黑色,老年,2021-12-24,新北市 板橋區,https://wepet.tw/storage/lost/lost_211225011526416611522_4469866126.jpg
Sola,曼赤肯小步曲,貓,公,小型,米黃色,成年,2021-12-23,基隆市 中山區,https://wepet.tw/storage/lost/lost_211224205747313611521_4567750667.jpeg
咪咪,混種貓,貓,公,中型,灰色紋路 白底肚子,成年,2021-12-21,桃園市 觀音區,https://wepet.tw/storage/lost/lost_211223112236669111516_5724429756.jpeg
啾啾,虎斑迷克斯,貓,母,小型,白底虎斑貓帶黃,成年,2021-11-06,新北市 土城區,https://wepet.tw/storage/lost/lost_211222225803693811515_1536485084.jpg
皮蛋/蛋蛋、阿蛋勒,米克斯貓,貓,公,小型,全黑,成年,2021-09-05,高雄市 大社區,https://wepet.tw/storage/lost/lost_211221224614343611511_9514097974.jpeg
丸丸,米克斯,貓,公,小型,橘色虎斑白底,成年,2021-12-18,新竹縣 竹北市,https://wepet.tw/storage/lost/lost_211218013909747911507_9842862749.jpg
莓莓,黑色米克斯,狗,母,中型,黑色,成年,2021-12-14,台南市 官田區,https://wepet.tw/storage/lost/lost_211216181120822211501_7834749480.jpg
進寶,米克斯,狗,公,中型,虎斑,成年,2021-12-15,彰化縣 社頭鄉,https://wepet.tw/storage/lost/lost_211216120105714711500_8377027265.jpg
嚕嚕,米克斯,貓,母,大型,黑色，胸及肚子有白毛,成年,2021-09-29,高雄市 路竹區,https://wepet.tw/storage/lost/lost_211211111614195711488_349692574.jpeg
靈靈,米克斯,狗,母,中型,黑色 混白（腳踝、尾巴末端、前胸、脖子）,成年,2021-12-09,新竹縣 尖石鄉,https://wepet.tw/storage/lost/lost_211211054935617911487_7306272975.jpeg
Benny,布偶貓,貓,公,中型,山貓紋,幼年,2021-12-10,新北市 樹林區,https://wepet.tw/storage/lost/lost_211211042648814711486_8778268008.jpg
Merlin,豹貓曼赤肯,貓,公,中型,"背部棕色黑條紋, 腹部白色",成年,2021-12-09,台北市 大同區,https://wepet.tw/storage/lost/lost_211210153228140111484_7105721548.jpg
Luka,米克斯,貓,母,小型,白底虎斑,幼年,2021-12-09,新北市 三重區,https://wepet.tw/storage/lost/lost_211209203822744211483_2192353502.jpeg
可魯,柴犬,狗,公,中型,黃色胸前白色,成年,2021-12-07,嘉義市 西區,https://wepet.tw/storage/lost/lost_211208124649507811478_7685138809.jpeg
妹妹,混種米克斯,貓,母,小型,白底虎斑、粉紅色鼻子、麒麟小短尾,幼年,2021-11-28,台北市 南港區,https://wepet.tw/storage/lost/lost_211208051947495311477_9133611987.jpeg
啾啾奈,吉娃娃,狗,公,小型,白混咖啡色,成年,2021-12-04,高雄市 小港區,https://wepet.tw/storage/lost/lost_211205194551341611469_6616704751.jpg
黑皮,紅貴賓,狗,公,小型,淡咖啡色,老年,2021-12-01,台南市 永康區,https://wepet.tw/storage/lost/lost_211203190310759211464_5751229390.jpeg
上班,黑白米克斯,貓,母,小型,黑白,老年,2021-11-23,台北市 中山區,https://wepet.tw/storage/lost/lost_211130223113287811458_1293882673.jpeg
妮妮,法鬥,狗,母,小型,白,成年,2021-11-15,台南市 安定區,https://wepet.tw/storage/lost/lost_211129162035359511457_6333074035.jpg
貂蟬,金吉拉,貓,母,中型,琥珀金黃色,成年,2021-01-31,新北市 樹林區,https://wepet.tw/storage/lost/lost_211128011819563811454_6619833499.png
糖糖,長毛貓,貓,公,小型,長毛卷耳,成年,2021-11-25,台北市 萬華區,https://wepet.tw/storage/lost/lost_211127080256707911452_4657271376.jpg
阿咪,米克斯,貓,母,中型,虎背白肚,成年,2021-11-20,桃園市 桃園區,https://wepet.tw/storage/lost/lost_211123155658374111439_1426154218.jpg
小斑,米克斯,貓,母,中型,黑白混色,成年,2021-11-18,桃園市 中壢區,https://wepet.tw/storage/lost/lost_211120192607608911434_1796207567.jpeg
酷吉,米克斯,貓,公,中型,橘白色胸前白色四肢白色,成年,2021-04-12,桃園市 桃園區,https://wepet.tw/storage/lost/lost_211118130249578711425_1996811770.jpeg
來福,混種,狗,母,大型,咖啡,老年,2021-10-31,桃園市 平鎮區,https://wepet.tw/storage/lost/lost_211118104655626611424_9852903615.jpg
Gucci,柴犬,狗,公,中型,黃色，背上兩條白毛,成年,2021-11-09,台南市 仁德區,https://wepet.tw/storage/lost/lost_211117104057744911415_2173316857.jpeg
包子,橘貓,貓,公,中型,橘色虎斑 尾巴有斷過,成年,2021-11-15,台北市 中山區,https://wepet.tw/storage/lost/lost_211115222751317311410_8380586471.jpeg
HaChi,柴犬,狗,母,中型,赤柴,成年,2021-11-14,桃園市 八德區,https://wepet.tw/storage/lost/lost_211114181655791911406_2100885015.jpeg
賓寶,賓士貓,貓,公,小型,白底黑斑蚊(大片)似乳牛,成年,2021-11-13,台中市 西屯區,https://wepet.tw/storage/lost/lost_211114154023679611405_9053575623.jpeg
來喜,米克斯,狗,公,中型,咖啡色，背部微黑毛，尾巴毛色較黑,幼年,2021-10-31,南投縣 名間鄉,https://wepet.tw/storage/lost/lost_211112205810192811394_1962621890.jpg
財財,白文鳥,鳥,母,小型,白毛背部少許黑羽,幼年,2021-11-06,新北市 板橋區,https://wepet.tw/storage/lost/lost_211108011007990711379_872305008.jpeg
咪咪,曼赤肯,貓,公,中型,白色 短毛 短腿,成年,2021-11-07,新北市 板橋區,https://wepet.tw/storage/lost/lost_211107182150510211378_700680510.jpeg
寶貝,米克斯,貓,母,中型,虎斑,成年,2021-10-06,台中市 北屯區,https://wepet.tw/storage/lost/lost_211106023345602211370_4850637225.jpg
小八,白尾八哥,鳥,公,小型,嘴巴黃色，羽毛多黑色，尾段有白色,幼年,2021-10-31,新北市 中和區,https://wepet.tw/storage/lost/lost_211102230059707411361_3473265259.jpg
宵宵,米克斯,貓,公,中型,全黑,成年,2021-11-01,新北市 汐止區,https://wepet.tw/storage/lost/lost_211102141540522211358_8673433740.jpeg
七七,虎斑貓,貓,公,中型,松鼠文黑虎斑,成年,2021-11-01,台南市 永康區,https://wepet.tw/storage/lost/lost_211102141415102811357_6388833655.jpg
poppy,貴賓,狗,公,小型,黃棕色,成年,2021-09-30,台北市 北投區,https://wepet.tw/storage/lost/lost_211031224134537411355_8919891294.jpg
來福,混種米克斯,狗,公,大型,短毛黃黑色,老年,2021-10-30,台北市 士林區,https://wepet.tw/storage/lost/lost_211031023629104411353_4724818989.jpg
紅茶,中型白底虎斑貓,貓,公,中型,黑色混咖啡 四隻腳是白色的,幼年,2021-10-28,台南市 安南區,https://wepet.tw/storage/lost/lost_211030153619438711351_6309079379.jpeg
Poppy,混折耳（沒有折耳）,貓,母,中型,米黃,成年,2021-10-28,台中市 西區,https://wepet.tw/storage/lost/lost_211030115036385611349_6578665836.jpeg
Mimi,米克斯,貓,公,小型,虎斑,成年,2021-10-30,台北市 內湖區,https://wepet.tw/storage/lost/lost_211030091246839211347_4354156367.jpg
球球,博美,狗,母,小型,白帶些微黃,成年,2021-10-24,花蓮縣 玉里鎮,https://wepet.tw/storage/lost/lost_211028231317677011345_2552233997.jpg
ㄉㄨㄞㄉㄨㄞ,柴犬,狗,母,中型,黑色,老年,2021-10-20,高雄市 左營區,https://wepet.tw/storage/lost/lost_211027010613495911342_2446467973.jpg
黑豆漿,雪貂,其他,公,小型,奶油混黑,成年,2021-10-22,台北市 大安區,https://wepet.tw/storage/lost/lost_211022030009680811329_3202442809.jpg
小綠,綠和尚鸚鵡,其他,公,小型,綠色,幼年,2021-10-17,台北市 信義區,https://wepet.tw/storage/lost/lost_211018112234703711319_3547327354.jpeg
黑麥,混種貓,貓,母,中型,三色虎斑貓,成年,2021-10-13,彰化縣 彰化市,https://wepet.tw/storage/lost/lost_211017141146211411315_5766551106.jpg
喵喵,米克斯,貓,公,中型,虎斑,成年,2021-07-24,桃園市 楊梅區,https://wepet.tw/storage/lost/lost_211013053545738611307_1851174545.jpeg
小綠綠,金太陽鸚鵡,鳥,母,小型,黃色,成年,2021-10-11,高雄市 三民區,https://wepet.tw/storage/lost/lost_211012110354505811306_3783807834.jpeg
K2,伊莎貝爾小鸚,鳥,公,小型,白色,成年,2021-10-10,新北市 新店區,https://wepet.tw/storage/lost/lost_211011050824205911302_2357900104.JPG
毛毛,美短,貓,公,大型,白混黑,成年,2021-09-30,新北市 板橋區,https://wepet.tw/storage/lost/lost_211003222733626311287_4174971253.jpg
咪咪,米克斯,貓,公,小型,黑白色,老年,2021-10-02,桃園市 平鎮區,https://wepet.tw/storage/lost/lost_211003135416100911286_8001740456.jpeg
火柴,米克斯,狗,母,中型,米黃色 身上有黑斑點,成年,2021-09-29,台南市 大內區,https://wepet.tw/storage/lost/lost_211002145051568211284_2056457452.jpeg
Cooper,博美,狗,公,小型,黃棕色。身體無毛,成年,2021-09-30,台中市 北屯區,https://wepet.tw/storage/lost/lost_210930123542530611276_5600876542.jpeg
叮噹,米克斯,貓,公,小型,橘虎斑加白,幼年,2021-09-25,桃園市 八德區,https://wepet.tw/storage/lost/lost_210929150043200211274_3308898843.jpg
咪咪,貓,貓,公,小型,背部黃，腹部白,成年,2021-07-10,台中市 大里區,https://wepet.tw/storage/lost/lost_210929024201745611269_6588654521.jpeg
Choco,柴犬,狗,公,中型,咖啡混黑色,幼年,2021-09-19,高雄市 三民區,https://wepet.tw/storage/lost/lost_210921200637324311242_569325997.jpeg
泡芙,米克斯,貓,母,小型,玳瑁貓 額頭有橘色點點,幼年,2021-09-15,桃園市 八德區,https://wepet.tw/storage/lost/lost_210915111818115811234_7926075898.jpeg
布魯,藍貓,貓,公,小型,藍灰色,成年,2021-09-13,台北市 中正區,https://wepet.tw/storage/lost/lost_210914133527984911227_7388397727.jpg
米米,米克斯,貓,公,中型,白底橘虎斑(帶著紅色項圈、尾巴特別長),成年,2021-09-11,桃園市 中壢區,https://wepet.tw/storage/lost/lost_210914000520929111225_5769949120.jpg
黃豆,米克斯,貓,母,小型,橘白虎斑,成年,2021-06-15,彰化縣 田尾鄉,https://wepet.tw/img/noanimal.png
保利,混種狗,狗,公,中型,黑色腳白色頭頂一點白色,成年,2021-09-12,桃園市 復興區,https://wepet.tw/storage/lost/lost_210913121913963811221_3499606753.jpeg
泡芙,米克斯虎斑,貓,母,小型,咖啡混黑白,幼年,2021-08-27,桃園市 中壢區,https://wepet.tw/storage/lost/lost_210903174656732011212_6162062416.jpg
小海,米克斯,狗,母,中型,黑色狗，胸口有白毛,幼年,2021-08-25,新北市 新店區,https://wepet.tw/storage/lost/lost_210903162011690911211_9031057211.jpg
妹妹,虎斑貓,貓,母,小型,咖啡混黑，眼睛上有兩條直線,成年,2021-08-22,新北市 五股區,https://wepet.tw/storage/lost/lost_210831202849828211206_5592712929.jpeg
阿敗,混種,貓,公,中型,黑白,成年,2021-08-28,雲林縣 林內鄉,https://wepet.tw/storage/lost/lost_210831151546481911203_950694147.jpg
雞腿,柴犬,狗,母,中型,赤色,成年,2021-08-21,台南市 官田區,https://wepet.tw/storage/lost/lost_210822232945795011173_8665646185.jpeg
叫叫,銀色文鳥,鳥,無,小型,銀文,成年,2021-08-01,新北市 新莊區,https://wepet.tw/storage/lost/lost_210820225917505211166_4734271557.jpeg
巧克力,米克斯,狗,母,中型,咖啡色,成年,2021-07-23,新北市 新店區,https://wepet.tw/storage/lost/lost_210820013844420711160_8450394724.jpeg
妹妹,柴犬,狗,母,中型,棕色 背上一條黑色毛,成年,2021-08-12,新竹市 東區,https://wepet.tw/storage/lost/lost_210817172349512711153_547992230.png
蘇東坡,柴犬,狗,公,小型,金棕色,成年,2021-08-12,台南市 東區,https://wepet.tw/storage/lost/lost_210812074120309011144_699125280.jpeg
咖啡,玳瑁貓,貓,母,小型,咖啡混黑色,幼年,2021-08-09,新北市 樹林區,https://wepet.tw/storage/lost/lost_210809202712597311137_8162712032.jpg
虎皮,(MIX)虎斑貓,貓,母,中型,偏黃褐色全身虎斑,成年,2021-07-08,南投縣 名間鄉,https://wepet.tw/storage/lost/lost_210808225513454311132_6920234513.JPG
小寶,米克斯,貓,公,大型,黑褐色古典虎斑,成年,2021-07-31,基隆市 安樂區,https://wepet.tw/storage/lost/lost_210802125817650511121_1553680298.jpg
阿白,米克斯,狗,母,中型,黑色,成年,2021-07-30,台南市 永康區,https://wepet.tw/storage/lost/lost_210801193424925411119_7406617664.jpeg
澎澎,赤肯,貓,母,小型,三花偏灰,幼年,2021-08-01,花蓮縣 秀林鄉,https://wepet.tw/storage/lost/lost_210801165334424811118_1325008014.jpeg
小花,三花貓,貓,母,小型,三色貓,成年,2021-07-23,高雄市 前鎮區,https://wepet.tw/storage/lost/lost_210729013618725611114_8455093778.PNG
Lucky,黃金獵犬,狗,公,大型,None,老年,2021-07-17,嘉義縣 水上鄉,https://wepet.tw/storage/lost/lost_210725030837877611102_5902153821.jpeg
毛球,紅貴賓,狗,母,小型,咖啡,老年,2021-07-24,新北市 蘆洲區,https://wepet.tw/storage/lost/lost_210724203633782011101_7833130194.JPG
小麥,橘貓,貓,公,小型,橘色,幼年,2021-07-19,台中市 北屯區,https://wepet.tw/storage/lost/lost_210719123309868211089_3502069189.jpg
糰糰,混種貓,貓,公,中型,黑白賓士貓,成年,2021-07-17,台南市 永康區,https://wepet.tw/storage/lost/lost_210718195526979411086_3590209326.jpg
楓糖,米克司,貓,母,小型,橘黃色虎班,成年,2021-03-27,嘉義縣 溪口鄉,https://wepet.tw/storage/lost/lost_210708124051197211059_3516819251.jpg
橘子,白橘米克斯,貓,公,小型,白底橘虎斑,幼年,2021-07-04,彰化縣 埔心鄉,https://wepet.tw/storage/lost/lost_210707210559907311058_1504663160.jpeg
茉莉,侏儒兔,兔,母,小型,灰色，胸前一塊是白的,成年,2021-07-06,台南市 官田區,https://wepet.tw/storage/lost/lost_210706121110311011053_5476444671.jpeg
蘿蔔泥（Boni),米克斯,貓,母,小型,白底虎斑,成年,2021-07-05,桃園市 桃園區,https://wepet.tw/storage/lost/lost_210706002454193111052_9839602294.jpeg
咪嚕,米克斯,貓,公,大型,白色混淺咖啡色 尾巴為偏黑條紋狀,成年,2021-07-02,新北市 永和區,https://wepet.tw/storage/lost/lost_210704042805526411045_9376744085.jpg
媽嚕,米克斯,狗,公,中型,虎斑,成年,2021-06-29,新北市 板橋區,https://wepet.tw/storage/lost/lost_210703200252619511042_5143213772.jpg
夏安,博美,狗,公,小型,白色,成年,2021-07-03,台中市 神岡區,https://wepet.tw/storage/lost/lost_210703144311798211040_399694591.png
Oliver,米克斯,貓,公,大型,純白色,成年,2021-06-10,彰化縣 線西鄉,https://wepet.tw/storage/lost/lost_210701043724719911031_7986685444.jpeg
虎糖,台灣混種貓,貓,公,中型,虎斑色,成年,2021-06-25,台中市 大里區,https://wepet.tw/storage/lost/lost_210629121119253211025_6696839879.jpg
小花/小白,貓咪,貓,無,小型,小花(黑色斑點多) 小白(黑色斑點少),幼年,2021-06-25,台中市 西區,https://wepet.tw/storage/lost/lost_210629115747552711024_454739067.jpg
麻糬,米克斯虎斑貓,貓,母,中型,虎斑咖啡,成年,2021-06-24,基隆市 安樂區,https://wepet.tw/storage/lost/lost_210627205006783611019_2379198206.jpg
./.,米克斯,狗,母,中型,咖啡混黑,老年,2021-06-25,新北市 樹林區,https://wepet.tw/storage/lost/lost_210625103218556911014_5015488338.jpg
阿福 或 阿肥,小瑪,狗,公,小型,白,老年,2020-01-26,台中市 西區,https://wepet.tw/storage/lost/lost_210625071507805911013_4469476507.jpg
努努,波斯,貓,母,小型,灰白色 ，臉上類似M的黑色紋路，煙燻妝感,成年,2021-05-24,台中市 霧峰區,https://wepet.tw/storage/lost/lost_210624085718823311011_4586296238.jpeg
小哈,米克斯,狗,公,中型,黑色混白色,幼年,2021-06-20,台南市 七股區,https://wepet.tw/storage/lost/lost_210623025324468311007_3274388004.jpeg
Ribbon,美國短毛貓,貓,公,中型,灰色黑條紋,成年,2021-06-17,嘉義市 東區,https://wepet.tw/storage/lost/lost_210622224641416611006_5171073201.jpeg
黃豆,米克斯,貓,母,小型,橘白虎斑,成年,2021-06-15,彰化縣 田尾鄉,https://wepet.tw/storage/lost/lost_210620205836311511001_2460593916.jpg
添財（台語）,米克斯,狗,公,中型,黑色 腳和胸口有稍微脫毛,幼年,2021-06-14,台北市 北投區,https://wepet.tw/storage/lost/lost_210615031918929210977_2854398358.jpeg
Jimmy,米克斯,狗,公,中型,黑色混白、黃,成年,2021-06-13,高雄市 鳳山區,https://wepet.tw/storage/lost/lost_210614181926827210975_2554965966.jpg
多多,台灣犬,狗,母,中型,棕色,幼年,2021-06-11,高雄市 三民區,https://wepet.tw/storage/lost/lost_210614113630847310974_2222841790.jpeg
彩虹,米克斯,狗,母,中型,亮黑色,成年,2021-05-22,桃園市 中壢區,https://wepet.tw/storage/lost/lost_210612232757135510970_9938611677.jpg
Happy,米克斯,貓,母,小型,賓士貓/黑白,成年,2021-06-10,台中市 北區,https://wepet.tw/storage/lost/lost_210611231544205910966_6729124544.jpg
33,蜜袋鼯,其他,公,小型,藍灰色,成年,2021-06-07,高雄市 鼓山區,https://wepet.tw/storage/lost/lost_210611164245518810965_8388300965.png
小乖,小鸚,鳥,公,小型,綠色,成年,2021-05-31,新北市 永和區,https://wepet.tw/storage/lost/lost_210606165850443810949_1947369930.jpg
黑妞,米克斯,狗,母,中型,黑色,老年,2021-05-28,宜蘭縣 三星鄉,https://wepet.tw/storage/lost/lost_210530150628187210923_4707558388.png
樂樂,法國鬥牛犬,狗,公,中型,棕色,成年,2021-05-28,桃園市 楊梅區,https://wepet.tw/storage/lost/lost_210529151056209810921_8307872256.jpg
蔡龜,白底虎斑,貓,公,大型,灰虎斑混白底,成年,2021-05-22,嘉義縣 水上鄉,https://wepet.tw/storage/lost/lost_210526161649679010913_5492217009.jpeg
萊恩,米克斯,貓,公,中型,背部虎斑 胸前、腳白色,幼年,2021-05-21,台中市 南屯區,https://wepet.tw/storage/lost/lost_210521204031539610893_4690400831.jpg
斑斑,米克斯,貓,公,中型,白底虎斑,成年,2021-05-16,新竹縣 五峰鄉,https://wepet.tw/storage/lost/lost_210519154403498910882_2373510243.jpg
馬桶、老虎,波斯貓,貓,公,中型,奶油,成年,2021-05-15,屏東縣 屏東市,https://wepet.tw/storage/lost/lost_210515224227457510873_5646589748.jpeg
Cooper,米克斯,狗,公,大型,虎斑,幼年,2021-05-13,台南市 安南區,https://wepet.tw/storage/lost/lost_210514094440350610867_723656680.jpeg
阿鼻,米克斯,狗,公,中型,黃色,成年,2021-05-13,桃園市 桃園區,https://wepet.tw/storage/lost/lost_210513185225104110864_680403145.jpeg
胖胖,柴犬,狗,公,中型,咖啡（赤色）,成年,2021-05-09,新北市 石碇區,https://wepet.tw/storage/lost/lost_210510222845833210858_7244956925.jpeg
Angel,米克斯,貓,母,小型,橘白色,成年,2021-05-10,台中市 龍井區,https://wepet.tw/storage/lost/lost_210510182431473710856_2291242271.JPG
樂樂,混種,狗,公,中型,白色混黃色,老年,2021-04-30,新竹縣 尖石鄉,https://wepet.tw/storage/lost/lost_210501204339289410824_4177973020.jpeg
bast,米克斯,貓,母,小型,全黑，胸口有些許白毛,成年,2021-04-29,台北市 士林區,https://wepet.tw/storage/lost/lost_210501012528504110823_9728803528.jpg
喵喵,米克斯,貓,母,小型,頭和尾巴黑色身體白色（右耳剪耳）,成年,2021-04-22,台北市 大同區,https://wepet.tw/storage/lost/lost_210430023627946210821_4034921387.jpeg
阿財,米克斯,貓,公,中型,虎斑白底,成年,2021-04-22,新北市 永和區,https://wepet.tw/storage/lost/lost_210428125824642210817_8359185904.jpeg
歐歐,貴賓,狗,母,小型,純黑,成年,2021-04-26,桃園市 八德區,https://wepet.tw/storage/lost/lost_210427011915941810807_8268857555.jpeg
迪迪,米克斯,貓,公,中型,白底橘毛,成年,2021-04-24,台南市 新化區,https://wepet.tw/storage/lost/lost_210426204105656410806_754140865.jpg
咪咪,MIX貓,貓,公,中型,黑色帶微虎斑,成年,2021-04-17,桃園市 楊梅區,https://wepet.tw/storage/lost/lost_210426170817253410804_7014528097.jpg
軟寶,英短折耳貓,貓,母,小型,黑條紋(詳見圖),幼年,2021-04-22,新北市 新莊區,https://wepet.tw/storage/lost/lost_210424003603367110792_3392695763.jpeg
叮噹,不明,貓,母,小型,黑色系和白色,幼年,2021-04-19,新北市 新莊區,https://wepet.tw/storage/lost/lost_210421103754914110766_6485572674.jpg
小毓,寵物貂,其他,母,小型,臉白、灰背、四肢與尾部咖啡黑,成年,2021-04-17,桃園市 桃園區,https://wepet.tw/storage/lost/lost_210419094242793910755_7717296562.jpg
小旺 /黑皮,米克斯,狗,母,小型,黑,幼年,2021-04-16,桃園市 大溪區,https://wepet.tw/storage/lost/lost_210418191230872910752_5527944350.jpg
阿布,米克斯混哈士奇,狗,公,大型,咖啡混黑色,幼年,2021-04-15,新竹縣 新豐鄉,https://wepet.tw/storage/lost/lost_210417141747413110747_1612640268.jpeg
錢錢,西施,狗,公,小型,白混棕,老年,2021-04-07,台中市 北屯區,https://wepet.tw/storage/lost/lost_210409125849788010720_7921444329.jpeg
控肉(台語(,法鬥,狗,公,中型,奶油色,成年,2021-04-08,桃園市 大溪區,https://wepet.tw/storage/lost/lost_210409091336747110719_1963430816.jpg
小二,虎斑,貓,公,小型,None,幼年,2021-03-22,台中市 大肚區,https://wepet.tw/storage/lost/lost_210407164659687010713_720185219.jpeg
呆呆,米克斯,狗,公,中型,白色，耳朵咖啡色,幼年,2021-04-05,台南市 安南區,https://wepet.tw/storage/lost/lost_210407093244725110711_9834459165.jpg
七寶,米克斯,狗,公,中型,白色混黑色塊狀，像乳牛,成年,2021-04-05,台中市 烏日區,https://wepet.tw/storage/lost/lost_210405232529549610707_8787436329.jpg
財旺,米克斯,狗,公,中型,米白色,老年,2021-04-04,高雄市 前鎮區,https://wepet.tw/storage/lost/lost_210405154455278510701_6070108695.jpg
Lucky,西施,狗,公,小型,米白色+咖啡色,老年,2021-04-02,彰化縣 二林鎮,https://wepet.tw/storage/lost/lost_210405094606927410700_1643887166.jpeg
優格,米克斯,貓,母,小型,虎斑,幼年,2021-04-02,台中市 沙鹿區,https://wepet.tw/storage/lost/lost_210404002412458310691_4278367053.jpeg
奶茶,吉娃娃杜賓,狗,母,小型,奶茶色,成年,2021-03-25,新北市 三重區,https://wepet.tw/storage/lost/lost_210329230430517510663_1663030270.jpeg
本丸,橘貓,貓,母,小型,虎斑橘,成年,2021-03-27,南投縣 仁愛鄉,https://wepet.tw/storage/lost/lost_210329181027782010662_9163412627.jpeg
錢錢,綠和尚鸚鵡,鳥,公,中型,綠色,成年,2021-03-28,桃園市 八德區,https://wepet.tw/storage/lost/lost_210328202128143810660_8535934088.jpg
毛毛,米克斯(混梗犬),狗,公,中型,淡黃色,老年,2021-03-23,桃園市 大園區,https://wepet.tw/storage/lost/lost_210324213548721910648_3857492948.jpg
黑寶,土狗,狗,公,中型,黑色身體白色嘴巴,老年,2020-09-30,彰化縣 埔心鄉,https://wepet.tw/storage/lost/lost_210324144916362210644_5201468556.jpg
小老虎/小朋友,美短,貓,母,中型,黑虎斑,成年,2021-03-21,桃園市 中壢區,https://wepet.tw/storage/lost/lost_210323190030242010638_7102897230.jpg
啤酒,柴犬,狗,公,中型,頭咖啡 身體黑色,成年,2021-03-21,彰化縣 鹿港鎮,https://wepet.tw/storage/lost/lost_210321214654568410635_3911934414.png
多多,米克斯,狗,公,中型,橘黃,成年,2021-03-13,屏東縣 枋寮鄉,https://wepet.tw/storage/lost/lost_210321154802954310633_2996412882.png
初一,賓士貓,貓,母,小型,黑白賓士貓,幼年,2021-03-17,宜蘭縣 冬山鄉,https://wepet.tw/storage/lost/lost_210319122023485710623_3356627623.jpeg
小仙,暹羅貓,貓,母,小型,身體白色，臉部、耳朵、手腳、尾巴黑色,幼年,2021-02-27,桃園市 平鎮區,https://wepet.tw/storage/lost/lost_210317151816929910615_4422165496.jpeg
阿福,黃領金剛鸚鵡,鳥,無,中型,全身綠 脖子上有點黃色,幼年,2021-03-10,新北市 淡水區,https://wepet.tw/storage/lost/lost_210311224834232510595_7092774114.jpg
鮭魚,米克斯,貓,公,大型,白色，背部橘斑,成年,2021-03-01,台南市 柳營區,https://wepet.tw/storage/lost/lost_210309114235886010587_2673761355.png
啾比,台灣土狗,狗,母,中型,虎斑,老年,2021-03-07,桃園市 八德區,https://wepet.tw/storage/lost/lost_210308194709608710584_2220404029.jpg
BOBo,博美,狗,公,小型,棕色,成年,2019-06-14,桃園市 大溪區,https://wepet.tw/storage/lost/lost_210307114730231710575_1128888850.jpeg
煙強,米克斯臘腸,狗,公,小型,咖啡色,成年,2021-03-05,新北市 蘆洲區,https://wepet.tw/storage/lost/lost_210305230025509010572_8508256426.jpg
嬌嬌,威爾斯柯基,狗,母,小型,身體黑色、臉部棕和白,成年,2021-03-03,屏東縣 屏東市,https://wepet.tw/storage/lost/lost_210305124024698110570_4954419224.jpg
粉圓,虎斑,貓,母,小型,白底虎斑,幼年,2021-03-02,彰化縣 永靖鄉,https://wepet.tw/storage/lost/lost_210303000926791510559_4106301367.jpeg
菜頭,白和尚,鳥,母,中型,白色,幼年,2021-03-02,台中市 潭子區,https://wepet.tw/storage/lost/lost_210302220905947910558_7339694145.jpeg
妞妞,黑貴賓,狗,母,小型,頭髮已經退呈灰色，下巴處也是有明顯灰白毛,老年,2021-02-28,台北市 松山區,https://wepet.tw/storage/lost/lost_210301082152206610552_2479958113.jpg
Milky,柴犬,狗,公,小型,全白,成年,2021-02-28,台中市 西區,https://wepet.tw/storage/lost/lost_210228172033250010551_7028304033.jpeg
QQ,馬爾濟斯,狗,公,小型,白色,成年,2021-02-26,台北市 中山區,https://wepet.tw/storage/lost/lost_210227182324435110549_159221404.jpeg
小可,米克斯,狗,公,大型,黃色,老年,2021-01-17,新北市 永和區,https://wepet.tw/storage/lost/lost_210223225134753010538_7437091894.jpeg
雪莉,俄羅斯藍貓,貓,母,小型,灰,幼年,2021-02-20,台北市 內湖區,https://wepet.tw/storage/lost/lost_210222212523913410530_5931400323.jpg
斗宅,米克斯,狗,公,中型,黃色,成年,2021-02-19,嘉義縣 新港鄉,https://wepet.tw/storage/lost/lost_210220083904844910519_8377381544.jpg
小寶,Mix,貓,公,小型,黑白相間,幼年,2021-02-17,新北市 土城區,https://wepet.tw/storage/lost/lost_210219121145770810518_4849307905.jpeg
房達菲Duffy,黑白賓士貓,貓,公,中型,黑白,成年,2021-02-18,台北市 大安區,https://wepet.tw/storage/lost/lost_210218131146488810517_9963525106.JPG
Aki、阿秋,白底虎斑貓,貓,公,小型,白底咖啡混黑斑,成年,2021-02-17,台北市 士林區,https://wepet.tw/storage/lost/lost_210217183522558310515_4770758122.jpeg
棕棕,柴犬,狗,公,中型,赤柴橘色,成年,2021-02-14,新北市 新店區,https://wepet.tw/storage/lost/lost_210216150159613510511_3695958919.jpg
喵喵,鳳梨小太陽鸚鵡,鳥,母,小型,背部綠色腹部黃色和橘紅色,成年,2021-02-12,雲林縣 水林鄉,https://wepet.tw/storage/lost/lost_210214133904717710499_9128781144.jpeg
橘子,米克斯,貓,母,中型,橘毛混白毛 脖子後有一戳白毛,成年,2021-02-13,花蓮縣 吉安鄉,https://wepet.tw/storage/lost/lost_210213123340906210496_8151290820.jpeg
阿肥,巴戈,狗,公,小型,米白,成年,2021-02-11,新北市 五股區,https://wepet.tw/storage/lost/lost_210211134531542610492_628722331.jpg
黑妞,土狗,狗,母,中型,黑色,幼年,2021-02-01,新竹縣 橫山鄉,https://wepet.tw/storage/lost/lost_210204055218179310473_7119889138.jpg
弟弟,馬爾濟斯,狗,公,小型,白色,成年,2021-02-02,台南市 南區,https://wepet.tw/storage/lost/lost_210202211026470610469_9010071426.jpg
尼尼,貴賓,狗,母,小型,奶油色,老年,2021-01-29,台中市 大里區,https://wepet.tw/storage/lost/lost_210130193116340710464_5923806276.jpeg
麻吉,哈士奇,狗,母,大型,咖啡白色,成年,2021-01-21,新北市 新店區,https://wepet.tw/storage/lost/lost_210130172614683710463_8042298774.jpeg
小公主,奶油貴賓犬,狗,母,小型,奶油色,老年,2021-01-07,新北市 板橋區,https://wepet.tw/storage/lost/lost_210128224749690910457_2369945269.jpeg
大米,米格魯,狗,母,中型,咖啡色混黑色,幼年,2021-01-12,台北市 萬華區,https://wepet.tw/storage/lost/lost_210120210408598210420_5587847848.jpg
小胖,美國短毛貓,貓,公,中型,身體偏白色，尾巴頭灰白色,成年,2021-01-18,台北市 內湖區,https://wepet.tw/storage/lost/lost_210119120413344310410_3643929053.jpeg
小花,米克斯,貓,母,小型,白底虎斑,成年,2021-01-17,台南市 永康區,https://wepet.tw/storage/lost/lost_210119040336850810409_2716800216.png
來福,狼犬,狗,母,大型,棕黑色,幼年,2021-01-14,嘉義縣 番路鄉,https://wepet.tw/storage/lost/lost_210117145915382810404_2928566755.jpg
小虎妹,虎斑貓,貓,母,小型,咖啡混黑色,成年,2021-01-17,宜蘭縣 頭城鎮,https://wepet.tw/storage/lost/lost_210117111633735610402_9829853393.jpg
斑斑,米克斯虎斑貓,貓,母,小型,虎斑色,幼年,2021-01-09,桃園市 大溪區,https://wepet.tw/storage/lost/lost_210116121334324710399_479070414.png
豹豹,米克斯,貓,公,小型,全黑,成年,2021-01-14,台北市 內湖區,https://wepet.tw/storage/lost/lost_210116032403295710398_1460738643.jpeg
酷羅,米克斯,貓,公,中型,全黑，耳朵後面有一小塊沒有毛,成年,2021-01-07,桃園市 桃園區,https://wepet.tw/storage/lost/lost_210113062546140810388_5202090346.jpg
Domino,混種貓,貓,母,中型,三花（橘、白、條紋,成年,2021-01-03,台東縣 台東市,https://wepet.tw/storage/lost/lost_210110114945178410374_9549450585.jpeg
短尾,米克斯,貓,公,中型,灰色,幼年,2020-12-27,桃園市 平鎮區,https://wepet.tw/storage/lost/lost_210104222032370710357_1115270032.JPG
張柏熊,白波斯,貓,公,小型,全白長毛,成年,2020-12-25,台北市 中山區,https://wepet.tw/storage/lost/lost_210102075421965910347_2005345261.jpeg
流氓,土狗,狗,公,中型,黑,成年,2020-12-27,彰化縣 芳苑鄉,https://wepet.tw/storage/lost/lost_201231153856872910345_1384400336.jpg
焦糖,米克斯,貓,公,小型,橘色虎斑,成年,2020-12-28,台北市 士林區,https://wepet.tw/storage/lost/lost_201228144445111210339_7001537885.jpeg
卡卡／乖乖,臘腸狗,狗,母,小型,紅棕色,成年,2020-12-17,新竹縣 湖口鄉,https://wepet.tw/storage/lost/lost_201219211234205910320_7341783554.jpg
奶娃,米克斯(混種),貓,公,中型,全黑,老年,2020-12-14,新北市 蘆洲區,https://wepet.tw/storage/lost/lost_201219185518117510319_8029075318.jpg
小灰,米克斯,貓,公,小型,淡灰色,幼年,2020-12-13,南投縣 埔里鎮,https://wepet.tw/storage/lost/lost_201214182402746410310_6943941442.jpg
Coco,布偶貓,貓,公,中型,咖啡跟白色,成年,2020-12-10,台中市 梧棲區,https://wepet.tw/storage/lost/lost_201213013051936610305_8072794251.jpeg
皮皮,虎斑貓,貓,母,小型,虎斑，頭頂有一塊橘色花紋,幼年,2020-11-28,台中市 太平區,https://wepet.tw/storage/lost/lost_201130114928710610282_5419508168.jpeg
妹子,米克斯,狗,母,中型,黑色、棕色,成年,2020-11-26,新竹市 北區,https://wepet.tw/storage/lost/lost_201129153019534410281_7787535019.jpeg
黑碳（台語）,米克斯,貓,公,中型,黑色（黑虎斑）,成年,2020-11-13,台中市 南屯區,https://wepet.tw/storage/lost/lost_201116215313890710259_9618434794.jpeg
胖胖,馬爾濟斯,狗,公,小型,白色,成年,2020-11-16,桃園市 桃園區,https://wepet.tw/storage/lost/lost_201116091914745010256_7781989554.jpeg
kiwi,米克斯,貓,公,中型,乳牛貓,成年,2020-11-16,新北市 三峽區,https://wepet.tw/storage/lost/lost_201116075509329410255_6480984509.jpg
桔子/妹妹,吉娃娃,狗,母,小型,黑色.脖子一圈白,成年,2020-11-12,新北市 板橋區,https://wepet.tw/storage/lost/lost_201113131726487010253_574044646.jpg
金金,黃金鼠,鼠,母,中型,黃金色,幼年,2020-10-31,台中市 太平區,https://wepet.tw/storage/lost/lost_201102004135313810242_3743348895.jpg
喵喵,白貓混暹邏,貓,公,小型,尾巴有一圈一圈黑色的腳跟腿底部黑黑的顏色,幼年,2020-10-08,新竹市 東區,https://wepet.tw/storage/lost/lost_201012155239453410205_1858689159.jpeg
小朋友,米克斯,貓,公,小型,白黑混灰,幼年,2020-07-05,新北市 淡水區,https://wepet.tw/storage/lost/lost_200914143559180810177_8420065359.jpg
滿天星,豹貓,貓,公,小型,黑色豹紋,幼年,2020-08-25,台中市 北屯區,https://wepet.tw/storage/lost/lost_200827014102697210163_4504063662.jpg
劉多比,英短,貓,母,中型,橘色，背部有一個圈!,成年,2017-09-24,桃園市 中壢區,https://wepet.tw/storage/lost/lost_200807221201284410150_7189509521.jpg
多多,柴犬,狗,公,中型,黃,老年,2020-08-02,高雄市 新興區,https://wepet.tw/storage/lost/lost_200803172708269010142_4200946828.jpg
毛哥,蘇格蘭折耳貓,貓,公,小型,黃色混合白色,成年,2020-01-01,高雄市 新興區,https://wepet.tw/storage/lost/lost_200723185200326010136_9783701520.jpeg
Hamo,英國短毛貓,貓,公,中型,灰藍色参白,成年,2020-06-13,高雄市 燕巢區,https://wepet.tw/storage/lost/lost_200629144358759110119_4500713038.jpg
比比或皮皮,土狗,狗,公,中型,黃,成年,2020-06-20,桃園市 桃園區,https://wepet.tw/storage/lost/lost_200622052228181910112_9148274548.jpg
妮妮,土狗,狗,母,小型,黑黃,幼年,2020-06-01,桃園市 中壢區,https://wepet.tw/storage/lost/lost_200615013918621510105_4344656358.jpeg
黑金,土狗,狗,公,中型,黑色,成年,2020-05-07,台南市 安南區,https://wepet.tw/storage/lost/lost_200512230401304310087_5825595841.jpg
萌萌/萌喵醬,虎斑貓,貓,母,小型,橘+咖啡色,幼年,2020-04-17,苗栗縣 頭份市,https://wepet.tw/storage/lost/lost_200510235100810410085_4204825860.jpeg
小四,米克斯,貓,母,中型,虎斑貓,成年,2020-05-04,新竹縣 新埔鎮,https://wepet.tw/storage/lost/lost_200507110921665310083_710820961.JPG
大寶,米克斯虎斑貓,貓,母,小型,咖啡混黑黃色,老年,2020-05-01,桃園市 蘆竹區,https://wepet.tw/storage/lost/lost_200503004135568610079_3911737695.jpeg
丸子,臘腸犬,狗,母,小型,奶油,老年,2020-04-10,台中市 東區,https://wepet.tw/storage/lost/lost_200411172742172610066_8101897262.jpeg
石頭,混種土狗,狗,公,中型,黑色胸前有白毛,幼年,2020-03-05,高雄市 鳳山區,https://wepet.tw/storage/lost/lost_200307085046358010055_8729542246.jpeg
布丁,柴犬（赤柴）,狗,母,小型,咖啡色、尾巴末端是黑色,幼年,2020-03-04,台中市 中區,https://wepet.tw/storage/lost/lost_200306201050421810054_9975496650.jpeg
帥帥,折衷鸚鵡,鳥,公,大型,綠色,成年,2020-02-29,台北市 文山區,https://wepet.tw/storage/lost/lost_200306142620315210051_7433875980.jpg
鼻鼻,米克斯,貓,公,中型,白底虎斑貓（貼皮虎斑）,幼年,2020-02-20,屏東縣 內埔鄉,https://wepet.tw/storage/lost/lost_200222231051187110033_4927684251.jpg
Teddy泰迪,長毛臘腸,狗,公,小型,全巧克力色,成年,2020-02-15,桃園市 大園區,https://wepet.tw/storage/lost/lost_200222192809527110032_789970889.jpeg
